{"search":"","showTags":true,"showAttachments":true,"hideUnresolved":false,"showOrphans":true,"showArrow":true,"textFadeMultiplier":0,"nodeSizeMultiplier":1.70519497863248,"lineSizeMultiplier":2.31965811965812,"centerStrength":0.0555555555555556,"repelStrength":0,"linkStrength":0.982905982905983,"linkDistance":225,"scale":0.23730468750000094}